0.000000000000000000e+00,0.000000000000000000e+00
-1.281947224691113449e-03,1.001933213212411952e-02
1.151786097584395555e-02,1.659700270482485085e-02
1.678664764371642221e-02,2.522859699690180313e-02
1.127479230856993746e-02,3.879904044393291118e-02
5.946204791167507449e-04,5.050155000595048932e-02
5.947527876835130567e-02,1.165271631905591236e-02
4.900005383545666393e-03,7.053708099443810331e-02
1.953793043975875568e-02,7.841055539923479090e-02
-1.532315822565552370e-02,8.960839041021148588e-02
6.200082987931352513e-02,7.974294702572280735e-02
5.448119032397914785e-02,9.683738386195717140e-02
-2.701692561245272114e-02,1.181628708994206939e-01
8.387339367259959155e-02,1.010365888631479803e-01
1.279345325903282760e-01,6.025541272610305393e-02
1.514836573433931410e-01,3.089125528167595454e-03
1.594523099624707008e-01,-2.635800719275723306e-02
1.224794890763290928e-01,-1.203559795695503670e-01
1.752204824792199245e-01,-4.853487158135690038e-02
1.854529100500389716e-01,4.939832366475385705e-02
2.000123440964403365e-01,-2.841169184209898363e-02
1.076774465888407778e-01,-1.827593393725190918e-01
-2.500421822531593077e-02,-2.208110167548791025e-01
1.943755129883337485e-01,-1.272487494148240861e-01
6.815189138900709653e-02,-2.326474436031241710e-01
3.523214285998377965e-02,-2.500553924082347668e-01
-2.552498793018455683e-02,-2.613829160679836949e-01
-7.856402400597563285e-02,-2.611663443501951454e-01
2.639914651203288665e-02,-2.815935415293315813e-01
4.939782009763631077e-02,-2.887341788317708824e-01
2.313563497796102819e-01,-1.957079558201248182e-01
8.061607955311916873e-02,-3.025760515652645699e-01
1.726717058664487547e-01,-2.732464396389012729e-01
-1.650304101393791356e-01,-2.896136648025079974e-01
-2.774446248976198404e-01,-2.024144964314503192e-01
-2.383961419066898124e-01,-2.610642176235051792e-01
-1.422160425377196891e-01,-3.346729780002968835e-01
-6.763157593640542475e-02,-3.675671291947467112e-01
-1.509083575439762459e-01,-3.529285657623110750e-01
-3.769638185387805263e-01,-1.143963531324245914e-01
-3.670353267179266021e-01,-1.689192618921769029e-01
-1.476567777543686399e-01,-3.869245235058735854e-01
-4.238765269557521198e-01,1.761602744714666283e-02
-1.017564944381919856e-01,-4.222556509946308045e-01
-4.153108860987313466e-01,1.582647531366901950e-01
-3.854724946879009573e-01,-2.408786542784978335e-01
-4.283343990336975216e-01,-1.800721514085382724e-01
-4.732235161379276800e-01,3.800879573415516521e-02
-4.782554950916466652e-01,7.968522243499953639e-02
-4.744418009491701005e-01,-1.409963831552717983e-01
-4.687495353533768228e-01,1.880156529594374515e-01
-4.708303244316476288e-01,2.090451844900792777e-01
-4.488379243628861648e-01,2.728272950746879477e-01
-4.709866429389645281e-01,2.545093121844727024e-01
-3.495329169811949854e-01,4.187450311390475965e-01
-1.615294791973652944e-01,5.315545152276198726e-01
-3.307943781878224798e-01,4.588490270554275718e-01
-4.165956256576835437e-01,3.974227858655362544e-01
-4.825305105074653711e-01,3.322568118995106734e-01
-1.742040777897290726e-01,5.699305039193418576e-01
-4.005062007503422394e-02,6.047358150880055572e-01
5.078948620134272722e-03,6.161406832143199175e-01
-1.450084192146049722e-01,6.092433302139985685e-01
5.894953178796692728e-02,6.336273592482650763e-01
-9.237853478900691362e-02,6.398302473616706010e-01
1.562770189382954034e-01,6.376958167757190710e-01
6.342409060342583116e-01,2.053848036182024106e-01
-2.991894759706424656e-02,6.761060160153899989e-01
5.836196737690934055e-01,3.621831986583189944e-01
2.286985246986032450e-01,6.583796346293783186e-01
5.508839972279149233e-01,4.432559152404673686e-01
3.062289024001229598e-01,6.485053054878160417e-01
2.632745866259560419e-01,6.779469830832222099e-01
7.333634990584767532e-01,-7.679848186794566156e-02
4.937575859701564540e-01,5.611790662608158176e-01
7.533650843890379312e-01,7.976263592673445146e-02
7.649904576206599804e-01,-6.416556225876365871e-02
7.711950355768008025e-01,-1.009776643948316205e-01
7.300725696426973998e-01,2.962212474564526743e-01
7.733824697335032194e-01,-1.965993730732277511e-01
7.799295569003296125e-01,2.114343365250484497e-01
2.794508620345007022e-01,-7.689790005659974392e-01
5.952443612471105538e-01,-5.759657924145502594e-01
5.872640257560509669e-01,-5.983380520374870226e-01
7.929243902313525272e-01,-3.019891545810778344e-01
6.642565856208113573e-01,-5.439971185796831366e-01
6.553975430143980097e-01,-5.701499245283536688e-01
7.125196012721690675e-01,-5.143772484348902996e-01
1.073409655289530168e-01,-8.823839152599256552e-01
1.702164347856472554e-02,-8.988287390483002959e-01
-7.839378831283777549e-01,-4.603125855198113570e-01
6.565957305488453466e-01,-6.432696409226474898e-01
1.467333447642240329e-01,-9.176353709225342214e-01
4.729360841999656340e-01,-8.116602944777250306e-01
-4.599775623601783381e-01,-8.306390920499739927e-01
-5.370431256355679903e-03,-9.595809315221991431e-01
-1.532812546923107977e-01,-9.575056501135837950e-01
-4.511790053417172319e-01,-8.697365039798325981e-01
-5.780438446950768583e-01,-8.035952487497511898e-01
-9.162874233510936994e-01,-4.005213574937215859e-01
-0.000000000000000000e+00,-0.000000000000000000e+00
-9.718447451811945345e-03,-2.753576617252187931e-03
-1.571482892845198903e-02,-1.269510819143818657e-02
-2.858981682677163433e-02,-1.004470105866860953e-02
-3.915789332076238111e-02,-9.957201999112130428e-03
-5.047134643434771778e-02,1.844807746557608008e-03
-6.038380426896087366e-02,5.185630549249883522e-03
-6.541125798911319456e-02,-2.684878351539175811e-02
-7.849652117602624879e-02,-1.918963488831876632e-02
-7.758447079470182084e-02,-4.738262024649351339e-02
-9.038182984395058683e-02,4.510172214151001585e-02
-1.107035500469387285e-01,-9.508050239171741969e-03
-9.530390717832822045e-02,-7.489688648593188780e-02
-1.144487497951320737e-01,-6.437873970179072702e-02
-1.388904599247845484e-01,-2.659698354664706901e-02
-1.474918985535048910e-01,-3.468401648803010051e-02
-1.439893825010776784e-01,-7.339510489467006293e-02
-1.218010672324572330e-01,1.210425011455855404e-01
-7.214382937363983395e-02,1.668925376491608437e-01
-5.548487140011803750e-03,1.918389702781287121e-01
6.352572475505870175e-02,1.917723763179352281e-01
-9.992683625246293055e-02,1.871096898301788380e-01
-1.667540451392331979e-01,1.468870466688104448e-01
-1.602323476210163467e-01,1.682250844938779355e-01
1.995305606362447054e-02,2.416017153678543805e-01
8.561376464964012833e-02,2.375695402728611738e-01
6.171826184510793845e-02,2.552712478440479771e-01
3.920629616554273389e-02,2.698944824005040100e-01
8.346119468290510990e-02,2.702333557311113466e-01
1.504082509310099292e-01,2.513661248218022060e-01
7.681747248101167269e-02,2.931321211949763361e-01
2.070291077617686104e-01,2.349258772521803096e-01
2.159348443609135360e-01,2.405229256702843821e-01
1.730818487646638426e-01,2.848750335486021079e-01
2.212046094221093995e-01,2.627083345091864586e-01
2.291248344180338847e-01,2.692379179318470928e-01
2.714633006426742101e-01,2.419485097347424674e-01
3.730330346117253781e-01,2.293424549612805424e-02
3.562426440414505624e-01,-1.429093540466084000e-01
3.275018480993789893e-01,2.189310064582637438e-01
4.021958152562853939e-01,3.856389875861792466e-02
4.109378337830729144e-01,5.141213546163880127e-02
3.016058166582053501e-01,-2.983547651454993566e-01
4.061052638813912319e-01,1.540543203064260180e-01
3.827877866994133793e-01,-2.258414810244019633e-01
3.667077677179826356e-01,-2.685832893968424506e-01
4.645802823982837504e-01,-7.842086150335398492e-03
2.078225127099969649e-01,-4.268430249986608360e-01
4.823439966024136716e-01,-4.921709257445243402e-02
1.097420318508507547e-01,-4.826299710917330010e-01
4.567240138913877256e-01,-2.155903239635530433e-01
-6.533254527963369696e-02,-5.109919197895270715e-01
-1.304161881282838061e-02,-5.250905935768566124e-01
3.855545708511006198e-01,-3.714176634347814976e-01
-9.372384592094150368e-02,-5.373420715548080651e-01
1.885936747450910889e-01,-5.225652123465402976e-01
1.157615214360192130e-01,-5.536845856850258762e-01
7.443903480909012937e-02,-5.709252281507024573e-01
-3.517370378172132717e-01,-4.685203718642277915e-01
-2.045019806275537866e-01,-5.597738649988337478e-01
2.268419138796092804e-01,-5.620072991750063585e-01
-2.659524314896001829e-01,-5.558097169136794191e-01
-3.326625686037740781e-01,-5.306038941652249097e-01
-3.703140191122131775e-01,-5.175192797712080406e-01
-3.702266139302446968e-01,-5.299516897476655997e-01
-6.510617788869491607e-01,-8.483526067651984970e-02
-6.151373106562113557e-01,-2.570029834128161883e-01
-4.655266725453744425e-01,-4.912223584756197914e-01
-6.511837583732276169e-01,-2.185138572988729599e-01
-6.252193438985004237e-01,3.080057312927146906e-01
-6.625772556147150327e-01,2.468610239376446691e-01
-7.169254166106898696e-01,-1.879411952229390753e-02
-7.036947913816892219e-01,1.836824989404046704e-01
-4.208903150936360582e-01,-6.054513780881940477e-01
-7.313285153293055396e-01,1.545221692142302594e-01
-2.760998335741588483e-01,7.054714100279365629e-01
-7.560200264085406019e-01,1.332716747845530403e-01
-7.737226317569338985e-01,-7.931935899931670531e-02
-6.190191699553052596e-01,4.874097368920660700e-01
-7.900688961482841277e-01,1.120843312997458624e-01
-5.175666680330730518e-01,6.205798389648786717e-01
-4.120436703034309200e-01,7.068532389161016338e-01
-6.149219576982999369e-01,5.549084875623111479e-01
2.420842877846121968e-02,8.380342549319188539e-01
2.708095663414739618e-01,8.041074038250730638e-01
-7.840983124350918709e-01,3.497992467116778359e-01
-5.610959322394539761e-01,6.631653117084270743e-01
6.208264112011056129e-02,8.765921979894935046e-01
4.017815520428610898e-01,7.929029204310911183e-01
1.677762182468527097e-01,8.831953232873538395e-01
1.778805747842218676e-01,8.915182455262318229e-01
-1.056683842595638190e-01,9.130980105529180602e-01
-2.376528233967718784e-01,8.983910529192598027e-01
4.445706926832835859e-01,8.275372333479441567e-01
-8.496972313974748836e-02,9.456853627216461611e-01
8.174608857330527556e-01,5.025754729087199557e-01
8.987143887676108944e-01,3.641766885202092352e-01
6.948570066814060420e-01,6.907805885242860322e-01
5.855099914791825899e-01,7.981716983714018943e-01
8.841487444271344254e-01,4.672055197960761630e-01
0.000000000000000000e+00,0.000000000000000000e+00
1.009815148176769831e-02,-2.402950519277418534e-04
1.994105661494777540e-02,3.236646616836636597e-03
3.029745022454772424e-02,-5.815113390347780584e-04
3.961880516571593402e-02,-7.926963997166259698e-03
3.093399909509224679e-02,-3.992302376452133011e-02
2.592653800999608280e-02,-5.478055502641170083e-02
6.885760251637772222e-02,1.606612659203304413e-02
7.524871347644991604e-02,2.945466082005469138e-02
8.419636721284497194e-02,-3.428461109706686105e-02
4.023774927946153351e-02,-9.264968450563662583e-02
7.380814282074700527e-02,-8.305442231270945830e-02
8.604785778989189338e-02,-8.537063018692381267e-02
4.587182945313113269e-02,-1.230402930664687700e-01
1.123964517812948427e-01,-8.581956081729769092e-02
6.555102524318288937e-02,-1.366012599803783645e-01
1.186924290600672310e-01,-1.096899766585907460e-01
1.059442755870772940e-01,-1.351391783787146694e-01
1.608815580479733554e-01,-8.470522722787540704e-02
8.003716949149762561e-02,-1.744334478438837321e-01
-3.998411833093442475e-02,-1.980238175209766971e-01
1.122344107494716164e-01,-1.799967935144711206e-01
-1.353296813582693381e-01,-1.762628531280825972e-01
-1.274664606185358928e-01,-1.942328131251200851e-01
-9.812939823804347345e-03,-2.422255550658977408e-01
-8.343809277312862205e-02,-2.383423752447838273e-01
-8.862031603801175106e-02,-2.472225584495913453e-01
-1.705789968604992102e-01,-2.127979584472605712e-01
-2.780771439267541445e-01,5.162305292342185548e-02
-2.322882337499213301e-01,-1.784649744835031249e-01
-2.984936256654420750e-01,-5.223906576247546590e-02
-2.391091568794872224e-01,-2.021831604256923709e-01
-3.132481156730647642e-01,7.971670345316181350e-02
-2.589652729051826197e-01,-2.098763887154899699e-01
-3.396283473059824587e-01,5.098758629691682587e-02
-3.529192951104521137e-01,-2.086186324634209388e-02
-3.625652136274183368e-01,2.789033570938481352e-02
-3.460665021070536418e-01,-1.411297298498725983e-01
-3.771074329568359640e-01,7.156737326720888359e-02
-3.065885527322315118e-01,2.473695725648017707e-01
-3.839421739062245376e-01,1.258453622240225667e-01
-4.125021813682987482e-01,-3.681115691533621420e-02
-2.842904266374912670e-01,3.148977418930822836e-01
-1.458125855753327760e-01,4.091367850060484979e-01
1.406646529453428329e-01,4.215973429817805873e-01
-2.546559062381700822e-01,3.765128678623749781e-01
-1.416011555097462446e-02,4.644306495441934413e-01
-2.809468385821868308e-01,3.826931390419469059e-01
-1.835548050355011451e-01,4.487601662450118045e-01
-2.380452824573199566e-01,4.339463631032928759e-01
7.780577828571463850e-02,4.990213156941539774e-01
2.471178635312525629e-01,4.520108904513818193e-01
6.416591663613586960e-02,5.213184731298127206e-01
2.914104255232735086e-01,4.490917185964061753e-01
4.774035621375674054e-01,2.638304380002177152e-01
1.524590644984851195e-01,5.342267392792022784e-01
3.775102384403112299e-01,4.212521455650048430e-01
2.569887882148720881e-01,5.152218442322610281e-01
5.726395610694573479e-01,1.237506190788602717e-01
4.973254482930425380e-01,3.283827621792124174e-01
1.773059420740462078e-01,5.795447015751106212e-01
6.079936363151577927e-01,9.999437699774223198e-02
4.492791549668655460e-01,4.362947604150446135e-01
6.359280222253197445e-01,-2.354205247092535508e-02
6.453677839957762119e-01,-3.764256246646289356e-02
5.276635188222157380e-01,-3.907040725224770195e-01
5.692885354961051414e-01,3.469221927135022754e-01
6.167611231480812917e-01,-2.786040295664007904e-01
5.873762244221789608e-01,3.560586524496495153e-01
6.936973247834619105e-01,6.745946992305493217e-02
6.265526319247268772e-01,-3.276900734316918196e-01
6.624468984645882630e-01,-2.747715025720045556e-01
6.129140747325293459e-01,-3.914868539676374382e-01
7.088020896302936746e-01,-2.032722959585064326e-01
1.658728440251551750e-01,-7.288379090905220403e-01
7.902540928954368549e-02,-7.534427736418363164e-01
4.533961144294201273e-01,-6.194833194291466949e-01
4.174625735316790931e-01,-6.562493971846723451e-01
1.859717087054215123e-01,-7.656157704426770350e-01
-7.813407233514410577e-02,-7.941453423172648574e-01
1.996076640951568726e-01,-7.830398283759306688e-01
6.677950563111961779e-02,-8.154520128315149163e-01
9.391495436818660114e-02,-8.229413253532860129e-01
1.390511185765319901e-01,-8.267721856024387028e-01
-7.691869237260153813e-01,-3.581592026979975030e-01
-5.683467961987227479e-01,-6.435461100917817534e-01
-1.933970015783353091e-01,-8.468851608155066879e-01
-8.691031775957086536e-01,-1.301068891240655667e-01
-7.425519103126743126e-01,-4.886103941599294620e-01
1.587415227885609625e-01,-8.848638129275249176e-01
-4.312838891336667202e-01,-8.002752576241969340e-01
-8.076915577913141853e-01,-4.388030671957113271e-01
-9.129761692972808707e-01,-1.733778034498539566e-01
-6.013720950001083532e-01,-7.216734557438323483e-01
-9.174089388796646816e-01,2.447478252816653876e-01
-9.506892013509162798e-01,1.304394423004314740e-01
-7.599242090766902269e-01,-6.023515663619151139e-01
-7.429931361820518720e-01,6.387215988226494501e-01
-9.600785482707678842e-01,-2.411414343354028045e-01
-9.783468269600573697e-01,-2.069721869652722535e-01
